[
  {
    "id": "",
    "data": [
      {
        "text": "Wo nehme ich Einstellungen f\u00fcr meinen HdMFileStore-Account vor?",
        "userDefined": false
      }
    ],
    "isTemplate": false,
    "count": 0,
    "lang": "de",
    "updated": 0
  },
  {
    "id": "",
    "data": [
      {
        "text": "Wo \u00e4ndere ich die Einstellungen f\u00fcr meinen HdMFileStore-Account?",
        "userDefined": false
      }
    ],
    "isTemplate": false,
    "count": 0,
    "lang": "de",
    "updated": 0
  }
]