[
  {
    "id": "",
    "data": [
      {
        "text": "Was kann ich tun, wenn etwas nicht funktioniert?\n",
        "userDefined": false
      }
    ],
    "isTemplate": false,
    "count": 0,
    "lang": "de",
    "updated": 0
  },
  {
    "id": "",
    "data": [
      {
        "text": "Was finde ich unter dem Link \u201cHdM Trouble-Ticket-System\u201d?",
        "userDefined": false
      }
    ],
    "isTemplate": false,
    "count": 0,
    "lang": "de",
    "updated": 0
  },
  {
    "id": "",
    "data": [
      {
        "text": "Wie \u00f6ffne ich ein Ticket bei Problemen?",
        "userDefined": false
      }
    ],
    "isTemplate": false,
    "count": 0,
    "lang": "de",
    "updated": 0
  }
]