[
  {
    "id": "",
    "data": [
      {
        "text": "Welche Voraussetzungen muss ich erf\u00fcllen, um das Microsoft Office 365 ProPlus zu nutzen?",
        "userDefined": false
      }
    ],
    "isTemplate": false,
    "count": 0,
    "lang": "de",
    "updated": 0
  },
  {
    "id": "",
    "data": [
      {
        "text": "Welche Systemvoraussetzungen m\u00fcssen erf\u00fcllt werden?",
        "userDefined": false
      }
    ],
    "isTemplate": false,
    "count": 0,
    "lang": "de",
    "updated": 0
  },
  {
    "id": "",
    "data": [
      {
        "text": "Welche OS werden unterst\u00fctzt?",
        "userDefined": false
      }
    ],
    "isTemplate": false,
    "count": 0,
    "lang": "de",
    "updated": 0
  }
]