[
  {
    "id": "",
    "data": [
      {
        "text": "Was passiert, wenn Dateien vom synchronisierten lokalen Ordner gel\u00f6scht werden?",
        "userDefined": false
      }
    ],
    "isTemplate": false,
    "count": 0,
    "lang": "de",
    "updated": 0
  },
  {
    "id": "",
    "data": [
      {
        "text": "Was passiert, wenn Dateien vom synchronisierten lokalen Ordner ge\u00e4ndert werden?",
        "userDefined": false
      }
    ],
    "isTemplate": false,
    "count": 0,
    "lang": "de",
    "updated": 0
  }
]