[
  {
    "id": "",
    "data": [
      {
        "text": "An wen kann ich mich bei Fragen zu Microsoft Office 365 ProPlus wenden?",
        "userDefined": false
      }
    ],
    "isTemplate": false,
    "count": 0,
    "lang": "de",
    "updated": 0
  },
  {
    "id": "",
    "data": [
      {
        "text": "Wer bietet Support f\u00fcr Microsoft Office 365 ProPlus?",
        "userDefined": false
      }
    ],
    "isTemplate": false,
    "count": 0,
    "lang": "de",
    "updated": 0
  },
  {
    "id": "",
    "data": [
      {
        "text": "Wer bietet Support f\u00fcr Office 365 ProPlus?",
        "userDefined": false
      }
    ],
    "isTemplate": false,
    "count": 0,
    "lang": "de",
    "updated": 0
  }
]