[
  {
    "data": [
      {
        "text": "Verursacht Thunderbird eine hohe CPU-Last?",
        "userDefined": false
      }
    ],
    "isTemplate": false,
    "count": 0,
    "lang": "de",
    "updated": 0
  },
  {
    "data": [
      {
        "text": "Wieso wird mein Computer/Notebook lauter?",
        "userDefined": false
      }
    ],
    "isTemplate": false,
    "count": 0,
    "lang": "de",
    "updated": 0
  },
  {
    "data": [
      {
        "text": "Wieso läuft die Prozessorlüftung ständig auf Volllast?",
        "userDefined": false
      }
    ],
    "isTemplate": false,
    "count": 0,
    "lang": "de",
    "updated": 0
  }
]