[
  {
    "data": [
      {
        "text": "Wie sichere ich meine Links und Einstellungen im Internet Explorer?",
        "userDefined": false
      }
    ],
    "isTemplate": false,
    "count": 0,
    "lang": "de",
    "updated": 0
  },
  {
    "data": [
      {
        "text": "Wo finde ich die Daten die ich sichern will?",
        "userDefined": false
      }
    ],
    "isTemplate": false,
    "count": 0,
    "lang": "de",
    "updated": 0
  },
  {
    "data": [
      {
        "text": "Wo finde ich die Links?",
        "userDefined": false
      }
    ],
    "isTemplate": false,
    "count": 0,
    "lang": "de",
    "updated": 0
  },
  {
    "data": [
      {
        "text": "Wo liegen meine Daten für den Internet Explorer?",
        "userDefined": false
      }
    ],
    "isTemplate": false,
    "count": 0,
    "lang": "de",
    "updated": 0
  },
  {
    "data": [
      {
        "text": "Welchen der Ordner muss ich sichern?",
        "userDefined": false
      }
    ],
    "isTemplate": false,
    "count": 0,
    "lang": "de",
    "updated": 0
  }
]