[
  {
    "data": [
      {
        "text": "Was finde ich unter dem Link “Aktueller IT-Systemstatus”?",
        "userDefined": false
      }
    ],
    "isTemplate": false,
    "count": 0,
    "lang": "de",
    "updated": 0
  },
  {
    "data": [
      {
        "text": "Wo finde ich Informationen zum aktuellen IT-Systemstatus?",
        "userDefined": false
      }
    ],
    "isTemplate": false,
    "count": 0,
    "lang": "de",
    "updated": 0
  },
  {
    "data": [
      {
        "text": "Wo gibt es Infos zum aktuellen Systemstatus?",
        "userDefined": false
      }
    ],
    "isTemplate": false,
    "count": 0,
    "lang": "de",
    "updated": 0
  },
  {
    "data": [
      {
        "text": "Was finde ich unter dem Link “Informationszentrum IT”?",
        "userDefined": false
      }
    ],
    "isTemplate": false,
    "count": 0,
    "lang": "de",
    "updated": 0
  }
]