[
  {
    "data": [
      {
        "text": "Welche Office-Dokumente kann ich versenden?",
        "userDefined": false
      }
    ],
    "isTemplate": false,
    "count": 0,
    "lang": "de",
    "updated": 0
  },
  {
    "data": [
      {
        "text": "Wie sorge ich dafür, dass meine Office-Dokumente beim Versenden per Mail nicht zurückgewiesen werden, weil sie Viren enthalten könnten?",
        "userDefined": false
      }
    ],
    "isTemplate": false,
    "count": 0,
    "lang": "de",
    "updated": 0
  },
  {
    "data": [
      {
        "text": "Wie sorge ich dafür, dass meine Office-Dokumente beim Versenden per Mail nicht zurückgewiesen werden?",
        "userDefined": false
      }
    ],
    "isTemplate": false,
    "count": 0,
    "lang": "de",
    "updated": 0
  }
]