[
  {
    "data": [
      {
        "text": "Welche Voraussetzungen muss ich erfüllen, um das Microsoft Office 365 ProPlus zu nutzen?",
        "userDefined": false
      }
    ],
    "isTemplate": false,
    "count": 0,
    "lang": "de",
    "updated": 0
  },
  {
    "data": [
      {
        "text": "Welche Systemvoraussetzungen müssen erfüllt werden?",
        "userDefined": false
      }
    ],
    "isTemplate": false,
    "count": 0,
    "lang": "de",
    "updated": 0
  },
  {
    "data": [
      {
        "text": "Welche OS werden unterstützt?",
        "userDefined": false
      }
    ],
    "isTemplate": false,
    "count": 0,
    "lang": "de",
    "updated": 0
  }
]