[
  {
    "id": "",
    "data": [
      {
        "text": "Wie erstelle ich eine Citrix-Verkn\u00fcpfung?",
        "userDefined": false
      }
    ],
    "isTemplate": false,
    "count": 0,
    "lang": "de",
    "updated": 0
  },
  {
    "id": "",
    "data": [
      {
        "text": "Wie verbinde ich Firefox mit IReMo?",
        "userDefined": false
      }
    ],
    "isTemplate": false,
    "count": 0,
    "lang": "de",
    "updated": 0
  },
  {
    "id": "",
    "data": [
      {
        "text": "Wie erstelle ich eine Citrix-Verkn\u00fcpfung auf dem Desktop?",
        "userDefined": false
      }
    ],
    "isTemplate": false,
    "count": 0,
    "lang": "de",
    "updated": 0
  }
]