[
  {
    "id": "",
    "data": [
      {
        "text": "Wie bediene ich einen Kyocera M2635 Scanner?",
        "userDefined": false
      }
    ],
    "isTemplate": false,
    "count": 0,
    "lang": "de",
    "updated": 0
  },
  {
    "id": "",
    "data": [
      {
        "text": "Wo finde ich das Handbuch f\u00fcr den Kyocera M2635 Scanner?",
        "userDefined": false
      }
    ],
    "isTemplate": false,
    "count": 0,
    "lang": "de",
    "updated": 0
  },
  {
    "id": "",
    "data": [
      {
        "text": "Wo finde ich die Anleitung f\u00fcr den Kyocera M2635 Scanner?",
        "userDefined": false
      }
    ],
    "isTemplate": false,
    "count": 0,
    "lang": "de",
    "updated": 0
  }
]