[
  {
    "id": "",
    "data": [
      {
        "text": "Welche Leistungen sind in dem Angebot f\u00fcr Microsoft Office 365 ProPlus enthalten?\n",
        "userDefined": false
      }
    ],
    "isTemplate": false,
    "count": 0,
    "lang": "de",
    "updated": 0
  },
  {
    "id": "",
    "data": [
      {
        "text": "Welche Leistungen sind bei Office 365 ProPlus enthalten?",
        "userDefined": false
      }
    ],
    "isTemplate": false,
    "count": 0,
    "lang": "de",
    "updated": 0
  },
  {
    "id": "",
    "data": [
      {
        "text": "Wie viel kostet das Angebot Office 365 ProPlus?",
        "userDefined": false
      }
    ],
    "isTemplate": false,
    "count": 0,
    "lang": "de",
    "updated": 0
  }
]