[
  {
    "id": "",
    "data": [
      {
        "text": "Wie lange kann ich das Microsoft Office 365 ProPlus nutzen?\n",
        "userDefined": false
      }
    ],
    "isTemplate": false,
    "count": 0,
    "lang": "de",
    "updated": 0
  },
  {
    "id": "",
    "data": [
      {
        "text": "Wie verl\u00e4ngere ich den Nutzungszeitraum von Microsoft Office 365 ProPlus?",
        "userDefined": false
      }
    ],
    "isTemplate": false,
    "count": 0,
    "lang": "de",
    "updated": 0
  }
]